Sample	Total Reads	Mapped Reads	Mapped Reads(%)	Properly Paired	Properly Paired(%)	Duplicate Reads	Read1	Read2	Singletons	Discordant Reads
SRR5341194	6878417	4692277	68.22	4570606	97.41	0	3419946	3436299	17617	0
SRR5341195	5249040	3823657	72.84	3755038	98.21	0	2617510	2623308	12489	0
SRR5341196	2372816	2247538	94.72	1914658	85.19	0	1090012	1146347	51135	0
SRR5341197	1907134	1775911	93.12	1516032	85.37	0	873246	927263	65900	0
SRR5341198	1747254	1653053	94.61	1455864	88.07	0	814487	851176	46054	0
SRR5341199	1098649	1045663	95.18	986426	94.33	0	534209	551381	30630	0
SRR5341200	1071172	1041336	97.21	960154	92.2	0	515471	524146	16531	0
SRR5341201	918386	878795	95.69	804260	91.52	0	441249	453370	23612	0
SRR5341202	1254572	1187126	94.62	1114594	93.89	0	607823	629881	37258	0
SRR5341203	628440	587813	93.54	523848	89.12	0	300566	310314	26599	0
SRR5341204	892586	845151	94.69	727854	86.12	0	418616	430941	28764	0
SRR5341205	837300	808411	96.55	764150	94.52	0	408723	415686	17502	0
SRR5341206	1074228	1035246	96.37	902776	87.2	0	504464	515443	22487	0
SRR5341207	981655	935494	95.3	868366	92.82	0	475108	488992	26815	0
SRR5341208	918175	865673	94.28	774478	89.47	0	437057	451784	32511	0
SRR5341209	3016402	2934212	97.28	2817564	96.02	0	1472237	1507755	23916	0
SRR5341210	5100521	4947462	97.0	4368148	88.29	0	2374561	2459530	35484	0
SRR5341211	3694148	3586346	97.08	3173150	88.48	0	1721926	1775188	29606	0
SRR5341212	1641532	1595094	97.17	1510644	94.71	0	798431	815205	19444	0
SRR5341213	1870309	1817864	97.2	1722864	94.77	0	912659	928190	16582	0
SRR5341214	2020359	1925026	95.28	1676516	87.09	0	943199	971024	23426	0
SRR5341215	3494351	3328066	95.24	2805706	84.3	0	1588815	1654173	32273	0
SRR5341216	2322214	2139682	92.14	1791314	83.72	0	1058088	1126414	48222	0
SRR5341217	759220	625387	82.37	444066	71.01	0	328731	368609	43911	0
SRR5341218	972369	954899	98.2	909888	95.29	0	476279	480328	8759	0
SRR5341219	735849	691474	93.97	635226	91.87	0	357185	368868	21436	0
SRR5341220	1838376	1773772	96.49	1684600	94.97	0	897009	919536	25523	0
SRR5341221	1268182	1210498	95.45	983754	81.27	0	567919	585791	23582	0
SRR5341222	916341	737608	80.49	707264	95.89	0	453039	458589	13293	0
SRR5341223	8416577	8328016	98.95	8038722	96.53	0	4143760	4164319	6038	0
SRR5341224	2723731	2692032	98.84	2607244	96.85	0	1343554	1350886	7479	0
SRR5341225	1384519	1347840	97.35	1279152	94.9	0	676092	678787	4624	0
SRR5341226	1403610	1388767	98.94	1253598	90.27	0	671499	675751	6579	0
SRR5341227	1489455	1478450	99.26	1428312	96.61	0	733544	736192	4447	0
SRR5341228	1261197	1248411	98.99	1131884	90.67	0	602905	606336	5861	0
SRR5341229	1248720	1233515	98.78	1157764	93.86	0	608637	612747	7271	0
SRR5341230	1466942	1449366	98.8	1340840	92.51	0	708731	713665	7206	0
SRR5341231	1249501	1231272	98.54	1066724	86.64	0	586905	592931	7577	0
SRR5341232	2942491	2907312	98.8	2807430	96.56	0	1447017	1457787	9701	0
SRR5341233	1602185	1582090	98.75	1523092	96.27	0	785851	790055	6619	0
SRR5341234	3152919	3119649	98.94	3008636	96.44	0	1551942	1559808	6758	0
SRR5341235	2961255	2924538	98.76	2806172	95.95	0	1453110	1466543	11352	0
SRR5341236	1919582	1874205	97.64	1496160	79.83	0	839619	860315	17007	0
SRR5341237	2640161	2614696	99.04	2512848	96.1	0	1296024	1302524	6233	0
SRR5341238	2475982	2447377	98.84	2368072	96.76	0	1220265	1228335	8171	0
SRR5341239	5829658	5754370	98.71	5491724	95.44	0	2843607	2873925	12192	0
SRR5341240	1882920	1860415	98.8	1799128	96.71	0	929872	934649	7094	0
SRR5341241	3216911	3164478	98.37	3059554	96.68	0	1586120	1603539	12942	0
SRR5341242	3419305	3377371	98.77	3258066	96.47	0	1679104	1689923	8351	0
SRR5341243	2418609	2355179	97.38	1920708	81.55	0	1077421	1105241	20194	0
SRR5341244	2998308	2953391	98.5	2848848	96.46	0	1469890	1483113	10738	0
SRR5341245	3084503	3019469	97.89	2458150	81.41	0	1383377	1416788	19691	0
SRR5341246	598805	558082	93.2	431834	77.38	0	259078	273142	21489	0
SRR5341247	2169543	2100561	96.82	1671726	79.58	0	947388	980546	23966	0
SRR5341248	1673349	1619897	96.81	1285978	79.39	0	722815	745834	22597	0
SRR5341249	1572793	1511919	96.13	1170250	77.4	0	675136	702002	24090	0
SRR5341250	3455906	3405730	98.55	3267206	95.93	0	1689448	1709563	13171	0
SRR5341251	1477580	1419414	96.06	1061616	74.79	0	623895	648306	22315	0
SRR5341252	2778784	2742439	98.69	2628974	95.86	0	1362589	1374225	9571	0
SRR5341253	1996791	1952903	97.8	1602058	82.03	0	856019	872356	18779	0
SRR5341254	3372943	3041867	90.18	2902338	95.41	0	1643358	1667033	16467	0
SRR5341255	1289044	1212437	94.06	913462	75.34	0	552713	586532	30382	0
SRR5341256	1101151	1040241	94.47	768542	73.88	0	466597	491000	25475	0
SRR5341257	2240887	2194304	97.92	2064494	94.08	0	1085024	1104469	19496	0
SRR5341258	1887797	1851604	98.08	1426592	77.05	0	782354	797844	16059	0
SRR5341259	1366850	1321331	96.67	1013976	76.74	0	580053	598673	20097	0
SRR5341260	1136381	1083179	95.32	823526	76.03	0	485578	507127	25331	0
SRR5341261	2671671	2578508	96.51	2418114	93.78	0	1287209	1331986	37050	0
SRR5341262	1052761	1005309	95.49	780620	77.65	0	453564	469086	25376	0
SRR5341263	2291219	2262738	98.76	2173848	96.07	0	1121185	1130694	9960	0
SRR5341264	4948259	4898218	98.99	4703068	96.02	0	2429555	2448104	9262	0
SRR5341265	4927590	4877134	98.98	4690390	96.17	0	2420301	2440371	9772	0
SRR5341266	2773972	2713940	97.84	2617102	96.43	0	1358259	1384387	20994	0
SRR5341267	2811620	1216254	43.26	1162660	95.59	0	1395983	1402752	15151	0
SRR5341272	3054315	3003629	98.34	2970448	98.9	0	1522284	1526501	10839	0
SRR5341273	2051197	1952056	95.17	1936674	99.21	0	1023631	1024732	4942	0
SRR5341274	2503013	2460977	98.32	2418394	98.27	0	1246606	1251623	14855	0
SRR5341275	2258605	2222678	98.41	2200180	98.99	0	1126873	1129729	10467	0
SRR5341276	2485135	2423615	97.52	2407942	99.35	0	1240517	1241460	3467	0
SRR5341277	1615332	1598894	98.98	1585050	99.13	0	806134	806634	3058	0
SRR5341278	639073	591672	92.58	586654	99.15	0	319090	319211	1720	0
SRR5341279	1155625	1130882	97.86	1117546	98.82	0	576465	577374	6220	0
SRR5341280	2311487	2293083	99.2	2265620	98.8	0	1152323	1153613	4844	0
SRR5341281	1864851	1835096	98.4	1808286	98.54	0	929654	932630	11405	0
SRR5341282	2682139	2646621	98.68	2610226	98.62	0	1336384	1343260	15298	0
SRR5341283	637600	628755	98.61	615852	97.95	0	317734	318342	4623	0
SRR5341284	1781463	1759684	98.78	1732096	98.43	0	888033	890079	8749	0
SRR5341285	1710141	1692382	98.96	1677738	99.13	0	853508	854278	4075	0
SRR5341286	8768053	8645302	98.6	8559354	99.01	0	4377711	4383481	4203	0
SRR5341287	4339618	4308261	99.28	4236562	98.34	0	2149649	2151884	3728	0
SRR5341288	5134844	3628366	70.66	3528424	97.25	0	2559203	2562505	23026	0
SRR5341289	2862047	2654703	92.76	2623190	98.81	0	1427169	1428243	4444	0
SRR5341290	2877290	2771093	96.31	2742474	98.97	0	1435154	1436559	5178	0
SRR5341291	1725673	1696751	98.32	1668416	98.33	0	859877	863029	12378	0
SRR5341292	1778480	1764268	99.2	1745162	98.92	0	887013	888121	4540	0
SRR5341293	1330360	63588	4.78	15996	25.16	0	665165	665179	37570	0
SRR5341294	3280294	3161274	96.37	3060760	96.82	0	1633176	1636655	8965	0
SRR5341295	3360163	3081744	91.71	3029696	98.31	0	1673204	1676119	9584	0
SRR5341296	1509245	37961	2.52	746	1.97	0	754542	754700	28428	0
SRR5341297	4204136	4043571	96.18	3967780	98.13	0	2096002	2100287	8944	0
SRR5341298	1710400	76649	4.48	28908	37.71	0	854996	855345	35296	0
SRR5341299	5183801	256011	4.94	116254	45.41	0	2591462	2592244	104732	0
SRR5341300	10005344	204984	2.05	27830	13.58	0	5004342	5000971	127499	0
SRR5341301	6131741	5752212	93.81	5697352	99.05	0	3058551	3064372	7656	0
SRR5341302	2895716	590954	20.41	493680	83.54	0	1447428	1448007	93671	0
SRR5341303	3452058	225997	6.55	176694	78.18	0	1725962	1726037	43200	0
SRR5341304	5632029	5555352	98.64	5438910	97.9	0	2809340	2810981	3706	0
SRR5341305	2434672	2403390	98.72	2372572	98.72	0	1213837	1217186	10419	0
SRR5341306	6947470	6183582	89.0	6020996	97.37	0	3469225	3471768	13603	0
SRR5341307	2856777	2833500	99.19	2808602	99.12	0	1425726	1426970	4973	0
SRR5341308	11146274	216290	1.94	22136	10.23	0	5575559	5570710	144963	0
SRR5341309	2621255	2517893	96.06	2469252	98.07	0	1307145	1309835	9044	0
SRR5341310	14259644	6094746	42.74	5917656	97.09	0	7125044	7129928	82156	0
SRR5341311	9679658	9156738	94.6	8969790	97.96	0	4828820	4833239	3483	0
SRR5341312	3002777	2402494	80.01	2299744	95.72	0	1486477	1489058	12394	0
SRR5341313	13200726	247923	1.88	25152	10.15	0	6602007	6598705	166369	0
SRR5341314	3092436	3038868	98.27	3011262	99.09	0	1542469	1546937	11464	0
SRR5341315	6903599	572073	8.29	494786	86.49	0	3451578	3451880	74468	0
SRR5341316	2505469	2456696	98.05	2397926	97.61	0	1241626	1244084	2991	0
SRR5341317	4691253	4090512	87.19	4020488	98.29	0	2342916	2345103	9202	0
SRR5341318	7888429	7552651	95.74	7413402	98.16	0	3937007	3941776	3785	0
SRR5341319	4330485	3644826	84.17	3566122	97.84	0	2159734	2163384	18121	0
SRR5341320	12039901	11542926	95.87	11055946	95.78	0	6005873	6012454	4520	0
SRR5341321	5482856	5145583	93.85	5059970	98.34	0	2725517	2737521	14965	0
SRR5341322	2997095	2964381	98.91	2940150	99.18	0	1496059	1497630	5029	0
SRR5341323	2775166	78353	2.82	2408	3.07	0	1387617	1387538	58934	0
SRR5341324	1773148	1762822	99.42	1749954	99.27	0	885265	885706	2685	0
SRR5341325	5708268	5553674	97.29	5445556	98.05	0	2842034	2848015	8285	0
SRR5341326	2219906	2205742	99.36	2185420	99.08	0	1107593	1108499	4118	0
SRR5341327	4787013	4369647	91.28	4284264	98.05	0	2381378	2388434	11918	0
SRR5341328	9302913	9199499	98.89	8969416	97.5	0	4643147	4646825	3560	0
SRR5341329	6938986	6769702	97.56	6692964	98.87	0	3460484	3468399	7619	0
SRR5341330	5324191	887709	16.67	789032	88.88	0	2660541	2662957	94000	0
SRR5341331	6153466	6012937	97.72	5959172	99.11	0	3066437	3072290	6662	0
SRR5341332	6972431	3996207	57.31	3898954	97.57	0	3469053	3474107	23238	0
SRR5341333	10160154	1319250	12.98	1151090	87.25	0	5080901	5079166	162477	0
SRR5341334	6216271	5295438	85.19	5172736	97.68	0	3090053	3102021	14965	0
SRR5341335	2586873	2550450	98.59	2521952	98.88	0	1289668	1293475	11432	0
SRR5341336	2607731	2585975	99.17	2560592	99.02	0	1300980	1302228	4810	0
SRR5341337	1536239	1512672	98.47	1501434	99.26	0	767050	767537	3382	0
SRR5341338	9645189	8996468	93.27	8882070	98.73	0	4804974	4817248	8481	0
SRR5341339	1967234	1932352	98.23	1905542	98.61	0	980519	983874	12273	0
SRR5341340	1847309	1728523	93.57	1715280	99.23	0	922400	923215	4863	0
SRR5341341	4619144	1363854	29.53	1282768	94.05	0	2309410	2308251	64073	0
SRR5341342	7305597	6565539	89.87	6491906	98.88	0	3639917	3644875	6350	0
SRR5341343	2864647	2832983	98.89	2793814	98.62	0	1425426	1423512	4048	0
SRR5341344	9810646	9555866	97.4	9053100	94.74	0	4886657	4892196	4719	0
SRR5341345	4337112	105790	2.44	5618	5.31	0	2168305	2168718	70243	0
SRR5341346	13042319	9327238	71.52	9163868	98.25	0	6502481	6516922	14926	0
SRR5341347	11323173	11013958	97.27	10484318	95.19	0	5645060	5651587	5036	0
SRR5341348	1769237	1752269	99.04	1631034	93.08	0	845468	844605	3659	0
SRR5341349	1268212	1248100	98.41	1225790	98.21	0	631551	633514	8939	0
SRR5341350	1339105	1323840	98.86	1280382	96.72	0	661826	662875	2616	0
SRR5341351	3021629	2955080	97.8	2872160	97.19	0	1500566	1503254	6775	0
SRR5341352	4098281	4023043	98.16	3953336	98.27	0	2044176	2046011	3709	0
SRR5341353	2314857	2295002	99.14	2274708	99.12	0	1155209	1156417	4943	0
SRR5341354	4942395	4646961	94.02	4586478	98.7	0	2463857	2469494	8895	0
SRR5341355	7270493	6595258	90.71	6486428	98.35	0	3620304	3628257	8980	0
SRR5341356	5137124	4703088	91.55	4581880	97.42	0	2566391	2559160	10145	0
SRR5341357	4330164	4266088	98.52	4122202	96.63	0	2156567	2163067	9138	0
SRR5341358	5449364	5262278	96.57	5187322	98.58	0	2712625	2720186	10247	0
SRR5341359	6200381	6002859	96.81	5932206	98.82	0	3089991	3097243	8532	0
SRR5341360	2717264	2543530	93.61	2522376	99.17	0	1356058	1357437	5125	0
SRR5341361	9276857	8947543	96.45	8833108	98.72	0	4632121	4636672	4731	0
SRR5341362	2684269	2647074	98.61	2614040	98.75	0	1337949	1341947	10909	0
SRR5341363	5810063	5607354	96.51	5461384	97.4	0	2900776	2903287	4638	0
SRR5341364	9462090	9006225	95.18	8878442	98.58	0	4711061	4719276	6280	0
SRR5341365	2924687	2268386	77.56	2248582	99.13	0	1460628	1461520	6393	0
SRR5341366	2689000	109880	4.09	27268	24.82	0	1344489	1344482	61735	0
SRR5341367	2280143	2258917	99.07	2240448	99.18	0	1138108	1139399	4835	0
SRR5341368	2412822	2226979	92.3	2179854	97.88	0	1202982	1205324	11017	0
SRR5341369	9077239	8749489	96.39	8556668	97.8	0	4532223	4538091	3158	0
SRR5341370	813411	806303	99.13	780752	96.83	0	402290	402784	2386	0
SRR5341371	2544717	2516060	98.87	2437774	96.89	0	1257322	1259849	3374	0
SRR5341372	2944505	2869036	97.44	2827414	98.55	0	1468997	1472112	8690	0
SRR5341373	2941421	129971	4.42	33652	25.89	0	1470882	1470497	73273	0
SRR5341374	2081881	2047232	98.34	2022454	98.79	0	1038068	1040752	9981	0
SRR5341375	1588167	4613	0.29	0	0.0	0	794077	794089	2768	0
SRR5341376	6170028	6036555	97.84	5951418	98.59	0	3073090	3078580	6499	0
SRR5341377	3589430	3333181	92.86	3268014	98.04	0	1784625	1789329	10713	0
SRR5341378	3108704	2907143	93.52	2779448	95.61	0	1503102	1504970	4121	0
SRR5341379	4388302	4252641	96.91	4139946	97.35	0	2182281	2188858	8964	0
SRR5341380	5162608	5089778	98.59	4917090	96.61	0	2573785	2575831	4442	0
SRR5341381	1480484	1417040	95.71	1402124	98.95	0	738736	739332	4196	0
SRR5341382	2669864	2641966	98.96	2626720	99.42	0	1332853	1334259	4938	0
SRR5341383	8464621	7733783	91.37	7628360	98.64	0	4216154	4227947	9891	0
SRR5341384	5837932	411177	7.04	284178	69.11	0	2917911	2919714	92574	0
SRR5341385	2321599	2305333	99.3	2286212	99.17	0	1158948	1159654	3848	0
SRR5341386	7714222	7595939	98.47	7472194	98.37	0	3840771	3848819	6795	0
SRR5341387	2753893	199591	7.25	152170	76.24	0	1376926	1376919	42887	0
SRR5341388	7156737	6795182	94.95	6656746	97.96	0	3552693	3568222	13010	0
SRR5341389	2118890	2059356	97.19	2044540	99.28	0	1057629	1059101	5674	0
SRR5341390	7917648	4341594	54.83	4249556	97.88	0	3937482	3944487	12445	0
SRR5341391	3339825	3315878	99.28	3287804	99.15	0	1667067	1669065	5597	0
SRR5341392	7942960	7571561	95.32	7488188	98.9	0	3958228	3963928	5841	0
SRR5341393	3605453	3505046	97.22	3368960	96.12	0	1794437	1798139	8939	0
SRR5341394	4434916	4376647	98.69	4273340	97.64	0	2206441	2214223	9067	0
SRR5341395	2156516	1903010	88.24	1883734	98.99	0	1076293	1077329	7238	0
SRR5341396	2518373	177717	7.06	155162	87.31	0	1259090	1259131	21647	0
SRR5341397	2645252	2529745	95.63	2499720	98.81	0	1317772	1320641	8040	0
SRR5341398	1975217	1961349	99.3	1927606	98.28	0	981737	981147	2448	0
SRR5341399	5991205	5943714	99.21	5743762	96.64	0	2975172	2979377	5870	0
SRR5341400	1582489	69980	4.42	18252	26.08	0	791194	791273	39412	0
SRR5341401	7321927	7201339	98.35	7069362	98.17	0	3641145	3649043	7654	0
SRR5341402	3299916	3273010	99.18	3247286	99.21	0	1647305	1648923	4974	0
SRR5341403	3732642	3683704	98.69	3645084	98.95	0	1860462	1865279	9197	0
SRR5341404	6374729	5782512	90.71	5664788	97.96	0	3174913	3180436	7004	0
SRR5341405	2091033	1888844	90.33	1874006	99.21	0	1044120	1045019	4692	0
SRR5341406	3312510	3250962	98.14	2912758	89.6	0	1566189	1568309	3234	0
SRR5341407	3704556	3144305	84.88	3055040	97.16	0	1846012	1849428	10439	0
SRR5341408	1267282	1072698	84.65	1039080	96.87	0	627621	628673	5174	0
SRR5341409	5345223	4138552	77.43	4106016	99.21	0	2667783	2672274	8556	0
SRR5341410	8415117	7942123	94.38	7715276	97.14	0	4199554	4202855	4471	0
SRR5341411	7732378	6674980	86.33	6580632	98.59	0	3852648	3860148	17944	0
SRR5341412	4572190	2500914	54.7	2404672	96.15	0	2282318	2285748	49956	0
SRR5341413	325569	319824	98.24	293898	91.89	0	157888	157892	2777	0
SRR5341414	5214629	5160803	98.97	5089366	98.62	0	2598997	2603020	6097	0
SRR5341415	2344298	2220975	94.74	2196722	98.91	0	1168310	1170228	6349	0
SRR5341416	2455378	2397776	97.65	2369276	98.81	0	1223998	1227471	10715	0
SRR5341417	4581784	479610	10.47	473420	98.71	0	2290456	2290687	2687	0
SRR5341418	5539013	1413040	25.51	1305318	92.38	0	2766199	2770872	97214	0
SRR5341419	9943664	9588071	96.42	9316288	97.17	0	4964182	4969848	6157	0
SRR5341420	4884213	4718174	96.6	4523010	95.86	0	2429514	2436874	8901	0
SRR5341421	4532172	3708691	81.83	3668184	98.91	0	2257993	2263238	9400	0
SRR5341422	5766586	452853	7.85	334250	73.81	0	2882735	2883527	89943	0
SRR5341423	1379966	1126626	81.64	1092276	96.95	0	683810	684542	2464	0
SRR5341424	2040843	2025674	99.26	2001854	98.82	0	1017980	1018956	4497	0
SRR5341425	1730392	66309	3.83	10392	15.67	0	865255	865119	43141	0
SRR5341426	1611485	1592930	98.85	1539716	96.66	0	797049	797985	3007	0
SRR5341427	7067661	6547514	92.64	6292288	96.1	0	3527490	3530313	4686	0
SRR5341428	5005141	4848910	96.88	4752258	98.01	0	2489920	2495420	8161	0
SRR5341429	6416835	5679006	88.5	5522716	97.25	0	3203287	3206102	10274	0
SRR5341430	7431313	4306014	57.94	4213864	97.86	0	3711183	3713762	20172	0
SRR5341431	6509976	6061565	93.11	5921546	97.69	0	3224261	3233643	9685	0
SRR5341432	8108549	177606	2.19	17596	9.91	0	4051032	4057514	124707	0
SRR5341433	5514013	5203514	94.37	5113300	98.27	0	2743226	2752081	11808	0
SRR5341434	6735940	6428016	95.43	6280212	97.7	0	3362788	3364540	3254	0
SRR5341435	2429515	2395676	98.61	2377882	99.26	0	1213107	1214340	4980	0
SRR5341436	5598599	5467416	97.66	5371150	98.24	0	2792297	2794303	5183	0
SRR5341437	1822025	48967	2.69	1160	2.37	0	910948	911072	37126	0
SRR5341438	6233407	5468148	87.72	5139402	93.99	0	3073326	3076146	8379	0
SRR5341439	5679877	5046232	88.84	4924772	97.59	0	2836483	2838768	4518	0
SRR5341440	10672733	9869435	92.47	9774094	99.03	0	5330415	5334208	3287	0
SRR5341441	2304883	2234808	96.96	2208816	98.84	0	1149540	1150405	3932	0
SRR5341442	4379758	4165658	95.11	4119492	98.89	0	2184155	2187794	6421	0
SRR5341443	2325309	2288249	98.41	2269766	99.19	0	1160678	1161915	5085	0
SRR5341444	6124486	5757201	94.0	5615870	97.55	0	3037332	3049021	13092	0
SRR5341445	1088741	1068254	98.12	1054668	98.73	0	543156	544035	6670	0
SRR5341446	2241132	2220115	99.06	2200334	99.11	0	1118236	1119250	4589	0
SRR5341447	2417602	2393522	99.0	2373326	99.16	0	1206547	1207976	5255	0
SRR5341448	5816705	5513999	94.8	5322688	96.53	0	2903758	2906121	4869	0
SRR5341449	34519086	2398459	6.95	2368936	98.77	0	17257141	17259616	8600	0
SRR5341450	2777889	2646072	95.25	2612326	98.72	0	1385633	1387779	7525	0
SRR5341451	6574239	6435158	97.88	6317054	98.16	0	3266438	3274597	8956	0
SRR5341452	1958139	1933607	98.75	1917814	99.18	0	977453	978253	3610	0
SRR5341453	7330926	447681	6.11	265410	59.29	0	3664016	3666472	128057	0
SRR5341454	7865748	6459095	82.12	6284248	97.29	0	3913974	3923057	10782	0
SRR5341455	1618646	77293	4.78	22358	28.93	0	809254	809373	43268	0
SRR5341456	6048281	862715	14.26	764390	88.6	0	3023052	3024524	90724	0
SRR5341457	657864	650437	98.87	600106	92.26	0	319935	320211	3329	0
SRR5341458	3152924	2994602	94.98	2869690	95.83	0	1569088	1572507	9667	0
SRR5341459	6003966	5844717	97.35	5740596	98.22	0	2983690	2987651	5800	0
SRR5341460	10328904	4499740	43.56	4343180	96.52	0	5160228	5163316	57960	0
SRR5341461	8652602	392907	4.54	321236	81.76	0	4326553	4325973	67047	0
SRR5341462	2484394	1594656	64.19	1581310	99.16	0	1241059	1241635	4960	0
SRR5341463	6254216	5855185	93.62	5706592	97.46	0	3108821	3112678	5684	0
SRR5341464	2347218	2319444	98.82	2298718	99.11	0	1171069	1172913	6472	0
SRR5341465	6094811	2222755	36.47	2143780	96.45	0	3046118	3047227	53563	0
SRR5341466	4312310	4126041	95.68	4014674	97.3	0	2153428	2155031	3922	0
SRR5341467	4656874	163588	3.51	74352	45.45	0	2328302	2328546	66326	0
SRR5341468	7332938	7117658	97.06	6945882	97.59	0	3659278	3663567	4211	0
SRR5341469	4488087	130527	2.91	15136	11.6	0	2244092	2243976	82382	0
SRR5341470	3335402	455443	13.65	397872	87.36	0	1666012	1669109	54928	0
SRR5341471	2819458	2744811	97.35	2715728	98.94	0	1406359	1407672	4332	0
SRR8380857	1914014	1895841	99.05	1860850	98.15	0	945788	948540	3705	0
SRR8380858	1079276	1066054	98.77	937964	87.98	0	495024	496571	2731	0
SRR8380859	916879	908486	99.08	834204	91.82	0	436248	437442	2829	0
SRR8380860	2094229	2021403	96.52	1980804	97.99	0	1034341	1037744	4767	0
SRR8380861	930822	914011	98.19	819590	89.67	0	433152	434147	2156	0
SRR8380862	1135096	1039145	91.55	995396	95.79	0	553615	554969	2961	0
SRR8380863	1038856	1028276	98.98	983894	95.68	0	503395	504406	2149	0
SRR8380864	2609841	1849388	70.86	1811374	97.94	0	1293030	1296046	3899	0
SRR8380865	784787	775169	98.77	626982	80.88	0	338527	339845	2662	0
SRR8380866	984074	973968	98.97	926234	95.1	0	475467	476300	1991	0
SRR8380867	1053558	1040985	98.81	1006538	96.69	0	516377	517621	2677	0
SRR8380868	2219176	2197612	99.03	2136106	97.2	0	1090098	1093675	3807	0
SRR8380869	2325194	2304356	99.1	2244724	97.41	0	1142827	1145861	3034	0
SRR8380870	2407555	2384508	99.04	2301376	96.51	0	1175603	1179470	3866	0
SRR8380871	2747200	2723204	99.13	2639486	96.93	0	1346075	1349738	3367	0
SRR8380872	838048	828250	98.83	803524	97.01	0	411579	412533	2866	0
SRR8380873	1010640	1002098	99.15	965284	96.33	0	493242	494043	1893	0
SRR8380874	959906	857251	89.31	835490	97.46	0	473987	474798	2238	0
SRR8380875	953665	945231	99.12	889568	94.11	0	459307	460515	2770	0
SRR8380876	873054	850732	97.44	697264	81.96	0	381087	382526	3143	0
SRR8380877	1917783	1897463	98.94	1815324	95.67	0	932074	937869	6321	0
SRR8380878	3889030	3852036	99.05	3773334	97.96	0	1919270	1929073	5745	0
SRR8380879	2650565	2620511	98.87	2530860	96.58	0	1295642	1304387	7055	0
SRR8380880	1915165	1893911	98.89	1827570	96.5	0	935180	941013	6467	0
SRR8380881	2160571	2136279	98.88	2068042	96.81	0	1057649	1065049	7102	0
SRR8380882	1891918	1872751	98.99	1793896	95.79	0	920276	925259	5722	0
SRR8380883	3467636	3437231	99.12	3352220	97.53	0	1705540	1712294	4989	0
SRR8380884	2110551	2092832	99.16	2020478	96.54	0	1031343	1035458	4394	0
SRR8380885	1976460	1952498	98.79	1862586	95.4	0	958126	964866	6884	0
SRR8380886	2684435	2657924	99.01	2620720	98.6	0	1329528	1335612	5319	0
SRR8380887	3364811	3336130	99.15	3272132	98.08	0	1662287	1672069	6417	0
SRR8380888	1824662	1798015	98.54	1717172	95.5	0	885581	894474	9168	0
SRR8380889	2771256	2743182	98.99	2655672	96.81	0	1358042	1365334	5940	0
SRR8380890	3115707	3092718	99.26	3023812	97.77	0	1535752	1542423	4998	0
SRR8380891	2265554	2246113	99.14	2191152	97.55	0	1115481	1120640	5054	0
SRR8380892	2935102	2909623	99.13	2829854	97.26	0	1441540	1449118	5455	0
SRR8380893	2140090	2113567	98.76	2033704	96.22	0	1043602	1053158	8405	0
SRR8380894	2377229	2350015	98.86	2233214	95.03	0	1149537	1158797	7980	0
SRR8380895	830915	807448	97.18	702366	86.99	0	379388	380292	2169	0
SRR8380896	2028273	2000625	98.64	1930186	96.48	0	990602	997963	7797	0
SRR8380897	1687762	1659375	98.32	1582090	95.34	0	818416	826589	9320	0
SRR8380898	2057396	2025613	98.46	1937396	95.64	0	997706	1007748	9635	0
SRR8380899	2614023	2579935	98.7	2518032	97.6	0	1284405	1294605	8268	0
SRR8380900	1405477	1383096	98.41	1310248	94.73	0	681531	687325	8241	0
SRR8380901	2620114	2588811	98.81	2526626	97.6	0	1288378	1297306	7329	0
SRR8380902	2117645	2084464	98.43	2008074	96.34	0	1033925	1043958	9898	0
SRR8380903	2459834	2427418	98.68	2340482	96.42	0	1198901	1209957	9078	0
SRR8380904	798703	790440	98.97	731954	92.6	0	379791	380535	2163	0
SRR8380905	2017416	1991850	98.73	1901180	95.45	0	979376	989163	9537	0
SRR8380906	2053690	2021026	98.41	1875908	92.82	0	980192	991223	10387	0
SRR8380907	3530817	3491565	98.89	3422790	98.03	0	1742553	1754776	8057	0
SRR8380908	2598650	2571874	98.97	2478340	96.36	0	1269720	1276996	6424	0
SRR8380909	4680243	4635548	99.05	4556408	98.29	0	2313529	2325493	5999	0
SRR8380910	2559081	2522463	98.57	2470972	97.96	0	1262226	1274320	10110	0
SRR8380911	2532346	2505066	98.92	2459048	98.16	0	1251072	1257897	5967	0
SRR8380912	2838883	2816645	99.22	2762528	98.08	0	1402472	1411688	6732	0
SRR8380913	2339047	2314023	98.93	2257400	97.55	0	1151993	1158786	6113	0
SRR8380914	2581344	2552460	98.88	2465084	96.58	0	1264525	1272179	6498	0
SRR8380915	2690526	2664884	99.05	2602920	97.67	0	1327636	1336580	7454	0
SRR8380916	2426467	2395464	98.72	2340656	97.71	0	1195295	1204527	8275	0
SRR8380917	1895922	1881646	99.25	1816246	96.52	0	926182	930484	5162	0
SRR8380918	3305489	3266758	98.83	3197014	97.87	0	1628761	1640040	8120	0
SRR8380919	3741302	3711119	99.19	3633228	97.9	0	1846993	1858511	6873	0
SRR8380920	2687727	2655643	98.81	2601406	97.96	0	1325774	1335404	7948	0
SRR8380921	3049889	3024691	99.17	2935010	97.04	0	1495260	1502863	5751	0
SRR8380922	1757957	1733698	98.62	1657774	95.62	0	855242	862714	8229	0
SRR8380923	2103215	2083553	99.07	2028050	97.34	0	1033885	1036958	3753	0
SRR8380924	4780136	4737308	99.1	4629396	97.72	0	2353364	2363189	5363	0
SRR8380925	1999086	1982206	99.16	1947480	98.25	0	987386	989997	2927	0
SRR8380926	2210798	2195748	99.32	2161932	98.46	0	1093919	1096757	2856	0
SRR8380927	2505244	2484601	99.18	2437618	98.11	0	1237164	1240172	2887	0
SRR8380928	1426545	1412301	99.0	1332502	94.35	0	686813	688875	3310	0
SRR8380929	2523650	2503223	99.19	2462316	98.37	0	1247507	1250972	3240	0
SRR8380930	2425758	2409690	99.34	2372636	98.46	0	1200329	1203677	2990	0
SRR8380931	2362959	2341713	99.1	2304778	98.42	0	1168776	1171483	2665	0
SRR8380932	1815091	1802157	99.29	1757758	97.54	0	894384	897391	3661	0
SRR8380933	1082224	1072310	99.08	1012592	94.43	0	522121	523704	2917	0
SRR8380934	1292195	1280949	99.13	1217954	95.08	0	624400	626417	3289	0
SRR8380935	2451367	2420668	98.75	2314786	95.63	0	1190878	1202229	9536	0
SRR8380936	1546005	1521170	98.39	1454230	95.6	0	753643	760975	9551	0
SRR8380937	1099100	1092569	99.41	1025880	93.9	0	527208	528211	2160	0
SRR8380938	1688329	1672063	99.04	1586864	94.9	0	816545	819411	3998	0
SRR8380939	2100715	2086296	99.31	2035472	97.56	0	1034254	1037594	3581	0
SRR8380940	2410599	2379843	98.72	2319348	97.46	0	1185157	1194767	8596	0
SRR8380941	2182851	2141620	98.11	2050828	95.76	0	1060589	1070954	9606	0
SRR8380942	1037571	1027679	99.05	988630	96.2	0	506586	507595	2159	0
SRR8380943	811460	801433	98.76	744736	92.93	0	389882	391351	3790	0
SRR8380944	2497708	2215574	88.7	2178340	98.32	0	1236913	1239521	4510	0
SRR8380945	2798860	2767099	98.87	2677388	96.76	0	1370385	1381868	8562	0
SRR8380946	979811	969775	98.98	897356	92.53	0	465014	466348	2850	0
SRR8380947	1966039	1928636	98.1	1794436	93.04	0	943465	955835	11907	0
SRR8380948	916862	908907	99.13	886686	97.56	0	452464	453896	3001	0
SRR8380949	2632835	2588045	98.3	2521678	97.44	0	1294192	1307913	10885	0
SRR8380950	1713442	1681911	98.16	1506600	89.58	0	802516	812043	10590	0
SRR8380951	1600265	1572924	98.29	1506358	95.77	0	780483	788299	9527	0
SRR8380952	1604035	1576558	98.29	1501506	95.24	0	781329	791369	11265	0
SRR8380953	1686807	1667893	98.88	1627288	97.57	0	830729	834439	5192	0
SRR8380954	2525375	2499666	98.98	2438074	97.54	0	1242132	1250915	7390	0
WGS100_S57	7015254	6797108	96.89	6712742	98.76	0	3472844	3500423	11165	0
WGS101_S58	5285430	5184562	98.09	5104738	98.46	0	2611452	2635317	13033	0
WGS102_S59	2157579	1914977	88.76	1885038	98.44	0	1070154	1074217	5651	0
WGS103_S60	7075974	6882414	97.26	6808528	98.93	0	3504744	3532796	11266	0
WGS104_S61	8523242	8134703	95.44	8051954	98.98	0	4222699	4257404	11948	0
WGS105_S62	6775010	6671110	98.47	6592976	98.83	0	3354286	3383163	11957	0
WGS106_S63	6655206	6454219	96.98	6379112	98.84	0	3292899	3323273	13291	0
WGS107_S64	5501227	5303472	96.41	5236934	98.75	0	2720791	2747028	13604	0
WGS108_S65	9134267	8974740	98.25	8912264	99.3	0	4536225	4567701	8855	0
WGS109_S66	9273991	9135646	98.51	9075228	99.34	0	4608240	4637142	8037	0
WGS10_S8	10213966	10112806	99.01	10006606	98.95	0	5066860	5095711	7497	0
WGS110_S67	7304850	7186649	98.38	7122740	99.11	0	3626358	3651184	8937	0
WGS111_S68	8545190	7998427	93.6	7933684	99.19	0	4246803	4269792	7498	0
WGS112_S69	7208452	7095736	98.44	7036160	99.16	0	3576183	3601798	9493	0
WGS113_S70	6959572	6835413	98.22	6778114	99.16	0	3452683	3477722	9324	0
WGS114_S71	12608657	182333	1.45	20658	11.33	0	6303657	6303816	2369	0
WGS115_S72	6278446	6189487	98.58	6130866	99.05	0	3113205	3135721	10169	0
WGS116_S73	9383255	8554199	91.16	8481926	99.16	0	4660943	4689786	8817	0
WGS117_S74	8687168	8571492	98.67	8499148	99.16	0	4313109	4341496	8553	0
WGS118_S75	12721550	1644378	12.93	1603042	97.49	0	6357432	6360637	31845	0
WGS119_S76	8198510	8123142	99.08	8059500	99.22	0	4075025	4098883	7244	0
WGS11_S2	12570558	12450488	99.04	12321832	98.97	0	6235189	6271031	7452	0
WGS120_S77	8970235	8863716	98.81	8787108	99.14	0	4454086	4484561	8474	0
WGS121_S78	9261981	9077067	98.0	9009390	99.25	0	4597632	4629994	9044	0
WGS122_S79	9006920	8877844	98.57	8804636	99.18	0	4468023	4500828	9719	0
WGS123_S80	9230047	9070112	98.27	8995156	99.17	0	4577689	4613259	10103	0
WGS124_S81	9916199	9596974	96.78	9520406	99.2	0	4923269	4956586	8960	0
WGS125_S82	8404425	8164707	97.15	8089918	99.08	0	4172196	4199386	8582	0
WGS126_S83	8895015	8272446	93.0	8200246	99.13	0	4417195	4444557	8747	0
WGS127_S84	10667927	7384030	69.22	7330876	99.28	0	5310624	5333394	8925	0
WGS128_S85	9216395	9046030	98.15	8978538	99.25	0	4577591	4606834	8604	0
WGS129_S86	7126090	6892976	96.73	6838274	99.21	0	3538105	3561233	8748	0
WGS13_S9	12839991	12724380	99.1	12612220	99.12	0	6377522	6408057	5968	0
WGS14_S10	12308253	12177567	98.94	12061054	99.04	0	6110588	6139067	6433	0
WGS16_S11	13243885	13125131	99.1	13011450	99.13	0	6577757	6609035	5860	0
WGS17_S12	12894050	12780583	99.12	12671466	99.15	0	6404055	6434178	5862	0
WGS19_S13	13389575	13268712	99.1	13158628	99.17	0	6652654	6684296	5945	0
WGS20_S14	14485527	14377307	99.25	14269712	99.25	0	7204744	7234989	5027	0
WGS21_S15	14072419	13958920	99.19	13847916	99.2	0	6994636	7026966	5813	0
WGS22_S16	13668026	13545300	99.1	13407138	98.98	0	6782689	6819216	7013	0
WGS23_S17	12112402	12003594	99.1	11874480	98.92	0	6009247	6040893	6848	0
WGS24_S18	14125269	14007412	99.17	13869620	99.02	0	7010784	7047338	6437	0
WGS25_S19	13429905	13290950	98.97	13160632	99.02	0	6663432	6700013	7032	0
WGS26_S20	15898675	15760434	99.13	15645250	99.27	0	7910711	7941827	4475	0
WGS27_S21	14003523	13814085	98.65	13691956	99.12	0	6957955	6988932	5589	0
WGS28_S22	13995904	13368419	95.52	13242210	99.06	0	6949404	6983497	6880	0
WGS29_S23	11470398	11355617	99.0	11221660	98.82	0	5686630	5719308	7971	0
WGS30_S24	12000971	11818155	98.48	11689306	98.91	0	5949702	5986409	8007	0
WGS31_S25	11677532	11465225	98.18	11349984	98.99	0	5793124	5825968	7535	0
WGS32_S26	13247003	13051796	98.53	12931416	99.08	0	6576838	6611392	6783	0
WGS33_S27	12418839	12251486	98.65	12132290	99.03	0	6162741	6197388	7622	0
WGS34_S28	12159068	12026164	98.91	11910574	99.04	0	6034389	6066017	6872	0
WGS35_S29	9798291	9608175	98.06	9508852	98.97	0	4871635	4890444	4949	0
WGS36_S30	12741206	12518363	98.25	12408768	99.12	0	6328185	6358051	6165	0
WGS37_S31	13365601	12859617	96.21	12741552	99.08	0	6636990	6669315	6511	0
WGS38_S32	12431861	12076680	97.14	11965806	99.08	0	6173945	6204901	6683	0
WGS39_S33	14532116	612397	4.21	570546	93.17	0	7264411	7265129	2035	0
WGS40_S34	13362016	704671	5.27	693768	98.45	0	6678353	6679071	1897	0
WGS42_S35	11903904	11360712	95.44	11259836	99.11	0	5913242	5940579	6453	0
WGS43_S36	22200386	52538	0.24	0	0.0	0	11099519	11099625	1138	0
WGS44_S1	6795335	6713663	98.8	6643760	98.96	0	3376041	3395925	7590	0
WGS45_S2	7646274	7562074	98.9	7489532	99.04	0	3801597	3819852	6231	0
WGS46_S3	9758169	9574062	98.11	9479402	99.01	0	4837952	4878599	11152	0
WGS47_S4	8920839	8805403	98.71	8715466	98.98	0	4424151	4457175	9792	0
WGS48_S5	9226130	9101238	98.65	9006090	98.95	0	4572125	4608994	10361	0
WGS49_S6	9607243	9489417	98.77	9400686	99.06	0	4768757	4801027	8746	0
WGS4_S3	10497521	10370884	98.79	10256968	98.9	0	5209191	5235694	6750	0
WGS50_S7	7861384	7749064	98.57	7656998	98.81	0	3894911	3925321	10516	0
WGS51_S8	8174072	8016915	98.08	7931890	98.94	0	4051516	4082869	10678	0
WGS52_S9	8276065	8168792	98.7	8082910	98.95	0	4103426	4133325	10154	0
WGS53_S10	9078510	8967047	98.77	8880302	99.03	0	4506636	4537397	8934	0
WGS54_S11	9445942	9324509	98.71	9230694	98.99	0	4686803	4721063	9481	0
WGS55_S12	8933823	57741	0.65	1854	3.21	0	4466334	4466659	4227	0
WGS56_S13	8751527	8637336	98.7	8547744	98.96	0	4339106	4372020	10249	0
WGS57_S14	9041749	8925533	98.71	8836410	99.0	0	4488833	4518081	8368	0
WGS58_S15	7148701	7030847	98.35	6957728	98.96	0	3545096	3571755	9593	0
WGS59_S16	6913564	6820778	98.66	6746794	98.92	0	3428366	3453121	10057	0
WGS5_S4	12788924	12670484	99.07	12547104	99.03	0	6347200	6381338	6928	0
WGS60_S17	6927222	6834324	98.66	6764862	98.98	0	3438338	3461297	8841	0
WGS61_S18	7740519	7646756	98.79	7572862	99.03	0	3842924	3867169	8378	0
WGS62_S19	7325826	7215288	98.49	7147672	99.06	0	3637052	3659749	8059	0
WGS63_S20	6851567	6776459	98.9	6717822	99.13	0	3403787	3423553	7420	0
WGS64_S21	7565218	7472952	98.78	7399946	99.02	0	3757016	3780321	8055	0
WGS65_S22	7718695	7629212	98.84	7559252	99.08	0	3833237	3857650	8196	0
WGS66_S23	9561003	9437154	98.7	9338704	98.96	0	4742626	4776750	9403	0
WGS67_S24	9461765	9311716	98.41	9207942	98.89	0	4693398	4726544	9253	0
WGS68_S25	9485332	9363954	98.72	9272562	99.02	0	4704069	4738975	9844	0
WGS69_S26	10974767	10854697	98.91	10748674	99.02	0	5451362	5484192	7636	0
WGS6_S1	11371195	11263430	99.05	11154976	99.04	0	5645102	5673816	6587	0
WGS70_S27	11100311	10943139	98.58	10838154	99.04	0	5506343	5548971	9508	0
WGS71_S28	9419772	9309441	98.83	9226526	99.11	0	4676956	4707864	8177	0
WGS72_S29	7723208	7630339	98.8	7551370	98.97	0	3831621	3857106	8546	0
WGS73_S30	10169043	10047242	98.8	9953774	99.07	0	5049858	5082741	8018	0
WGS74_S31	8147109	8041637	98.71	7951404	98.88	0	4038767	4069111	9866	0
WGS75_S32	7574103	7475061	98.69	7403698	99.05	0	3758492	3784540	9136	0
WGS76_S33	8351825	8186853	98.02	8099096	98.93	0	4140501	4171574	10217	0
WGS77_S34	7455526	7331989	98.34	7242590	98.78	0	3692509	3723394	11294	0
WGS78_S35	6586557	6507300	98.8	6435538	98.9	0	3264345	3289176	10446	0
WGS79_S36	7528028	7439076	98.82	7352644	98.84	0	3730607	3758879	10588	0
WGS7_S5	14134392	13985848	98.95	13836722	98.93	0	7010314	7049004	7030	0
WGS80_S37	8884650	8774663	98.76	8682596	98.95	0	4404275	4439595	10657	0
WGS81_S38	8490774	8367564	98.55	8279620	98.95	0	4210880	4241321	9779	0
WGS82_S39	8431772	8312632	98.59	8214820	98.82	0	4174922	4212396	11780	0
WGS83_S40	8275869	8172183	98.75	8066358	98.71	0	4095013	4131084	11757	0
WGS84_S41	7289225	7201691	98.8	7127076	98.96	0	3615368	3641826	9376	0
WGS85_S42	6622061	6483760	97.91	6418506	98.99	0	3279886	3307973	11506	0
WGS86_S43	8441874	4282783	50.73	4234210	98.87	0	4201926	4217071	10108	0
WGS87_S44	6858889	6752871	98.45	6683690	98.98	0	3397334	3425253	11293	0
WGS88_S45	6207888	6107541	98.38	6037426	98.85	0	3072997	3098196	11652	0
WGS89_S46	5846718	5749424	98.34	5682804	98.84	0	2893821	2919435	12316	0
WGS8_S6	15783208	15629852	99.03	15478672	99.03	0	7831241	7876032	7313	0
WGS90_S47	6452919	5348303	82.88	5284760	98.81	0	3199221	3220841	11396	0
WGS91_S48	5713161	5586414	97.78	5520336	98.82	0	2826904	2851200	11699	0
WGS92_S49	5793362	5684478	98.12	5620578	98.88	0	2868918	2892176	11638	0
WGS93_S50	6965396	6734367	96.68	6650910	98.76	0	3447624	3476298	12147	0
WGS94_S51	9041301	3664633	40.53	3620620	98.8	0	4504440	4517048	10398	0
WGS95_S52	6254401	5943501	95.03	5871102	98.78	0	3098447	3121632	11027	0
WGS96_S53	5696619	5585746	98.05	5511776	98.68	0	2815078	2841635	12824	0
WGS97_S54	6182103	5996848	97.0	5931486	98.91	0	3061813	3086696	11748	0
WGS98_S55	5556361	5341842	96.14	5277570	98.8	0	2750937	2772669	11921	0
WGS99_S56	7093067	6928304	97.68	6848824	98.85	0	3514885	3541070	10840	0
WGS9_S7	13638393	13501425	99.0	13357784	98.94	0	6762402	6803152	7788	0
